,mean,sum
40,6374.728776931763,6350.931457042694
