,mean,sum
40,0.6251785453195821,0.23834056399132322
