,mean,sum
40,0.6047326107285056,0.4988649262202043
