,mean,sum
40,0.5929905959718933,0.32256880733944954
