,mean,sum
40,0.613759479956663,0.4761646803900325
