,rnn,lstm,gru
200,0.7254460511400997,0.8069846379298466,0.8021718572886855
