,rnn,lstm,gru
200,7300.1384954452515,16022.952594995499,13907.567444324493
