,rnn,lstm,gru
last,0.5,0.49943246311010214,0.49943246311010214
first,0.7287050160851128,0.7623608358377492,0.7982397534596226
cat,0.6464080502020196,0.7237559767809778,0.7888651026565432
