,rnn,lstm,gru
last,0.2613759479956663,0.23848238482384823,0.23848238482384823
first,0.7291678452892811,0.7628917741570491,0.7979583251074072
cat,0.7336588424340722,0.756937381563077,0.791096523668639
