,rnn,lstm,gru
last,128.76848793029785,293.51436829566956,278.70761227607727
first,126.30781197547913,287.40084862709045,274.6037709712982
cat,130.09853744506836,290.35301423072815,278.0977907180786
