,rnn,lstm,gru
last,0.5227518959913326,0.47670639219934996,0.47670639219934996
first,0.7296858071505958,0.7632719393282773,0.7968580715059588
cat,0.6321776814734561,0.7150595882990249,0.78602383531961
