,rnn,lstm,gru
last,0.3432942013518321,0.32281731474688186,0.32281731474688186
first,0.7288741918725892,0.7625611660287004,0.796850858156559
cat,0.6000768301317057,0.7077471698612952,0.7858729662307304
