,False,True
rnn,0.5314192849404117,0.7508125677139762
lstm,0.5227518959913326,0.6950162513542795
gru,0.5238353196099675,0.7583965330444203
