,False,True
rnn,63.853288650512695,107.88878440856934
lstm,135.8560860157013,251.7227292060852
gru,125.97468662261963,234.88026690483093
