,False,True
rnn,0.5489336256727129,0.7508630454558793
lstm,0.2613759479956663,0.7112575054990786
gru,0.7616594360086768,0.7598705912652632
