,False,True
rnn,0.40571622101927307,0.7506955135996543
lstm,0.3432942013518321,0.6924384942389443
gru,0.34580363150801074,0.7583962494483103
