,False,True
rnn,0.5115506989819624,0.75138237871472
lstm,0.5,0.7006328183352644
gru,0.5011350737797957,0.7599207212717531
