,False,True
rnn,891.5635902881622,931.6060109138489
lstm,956.8167746067047,1084.7069115638733
gru,948.4115467071533,1070.7429041862488
