,relu,tanh
softmax,4162.4154624938965,4168.5862374305725
relu,4193.827907562256,4098.061629533768
tanh,4169.873977184296,4098.995302915573
