,relu,tanh
softmax,0.5984825193190487,0.5984825193190487
relu,0.889371178889981,0.4688026933048813
tanh,0.9028651697340037,0.5986138280847563
