,True,False
6,0.44321127604702654,0.4478131300702719
7,0.477748892918909,0.47770829073377324
