,True,False
6,195.71130180358887,195.77954292297363
7,130.3829550743103,129.40745377540588
