,True,False
rnn,3911.6166627407074,3882.204351902008
gru,3921.898916244507,3891.9509949684143
lstm,3914.4210665225983,3908.4497544765472
