,True,False
rnn,0.8377641914982664,0.8103797320199727
gru,0.7790913746011201,0.776559449883547
lstm,0.7765708840959644,0.7262473039936492
